7233306009979125763,XN0YXJ0-6ceq8173-7400-430b-96e1-97150525514d-WVuZA,https://tnu6hes0rl.feishu.cn/base/P3cKbk2KzazK3CsFl4hcG1yYnKg
7233306009979125763,XN0YXJ0-6ceq8173-7400-430b-96e1-97150525514d-WVuZA,https://tnu6hes0rl.feishu.cn/base/J3qRbs8E9aI7nkslFpecUClFned
7233306009979125763,XN0YXJ0-6ceq8173-7400-430b-96e1-97150525514d-WVuZA,https://tnu6hes0rl.feishu.cn/base/HUrbbM5xXanpRtsL4xqcTATqnFd
7233306009979125763,XN0YXJ0-6ceq8173-7400-430b-96e1-97150525514d-WVuZA,https://tnu6hes0rl.feishu.cn/base/KjLtbXgVxasbCzs7CogcZW5qnbe


7233306009979125763,XN0YXJ0-6ceq8173-7400-430b-96e1-97150525514d-WVuZA,https://tnu6hes0rl.feishu.cn/base/BRlhbGNzxawaBastpoycArSrnvb
7233306009979125763,XN0YXJ0-6ceq8173-7400-430b-96e1-97150525514d-WVuZA,https://tnu6hes0rl.feishu.cn/base/HXTcbUSwWa0GPvs81NwchcRWn9e
7233306009979125763,XN0YXJ0-6ceq8173-7400-430b-96e1-97150525514d-WVuZA,https://tnu6hes0rl.feishu.cn/base/Bkz8bFt3Pa5I7zsdYgUcZxBMnnc
7233306009979125763,XN0YXJ0-6ceq8173-7400-430b-96e1-97150525514d-WVuZA,https://tnu6hes0rl.feishu.cn/base/BMfGbLG4PaeKrOsYfdhcGdukn3e
P3cKbk2KzazK3CsFl4hcG1yYnKg的副本(26个)：,,,
7233306009979125763,XN0YXJ0-28evc82a-6a97-4ecb-bc74-295bac49b0f4-WVuZA,https://tnu6hes0rl.feishu.cn/base/VPRNbN5uZaxHxasBn2WcoYfan2e
7233306009979125763,XN0YXJ0-28evc82a-6a97-4ecb-bc74-295bac49b0f4-WVuZA,https://tnu6hes0rl.feishu.cn/base/VTyhbASgtaQDCVsu22RcGr8on0c
7233306009979125763,XN0YXJ0-28evc82a-6a97-4ecb-bc74-295bac49b0f4-WVuZA,https://tnu6hes0rl.feishu.cn/base/KIZ7bZM71aRL2Ys5kmacTcWan7g
7233306009979125763,XN0YXJ0-28evc82a-6a97-4ecb-bc74-295bac49b0f4-WVuZA,https://tnu6hes0rl.feishu.cn/base/XQKcbnDLFab0SKsCs8ycidutnDf
7233306009979125763,XN0YXJ0-28evc82a-6a97-4ecb-bc74-295bac49b0f4-WVuZA,https://tnu6hes0rl.feishu.cn/base/ZGmxb1VZrarZX5sjBk1c7oyrnnY
7233306009979125763,XN0YXJ0-28evc82a-6a97-4ecb-bc74-295bac49b0f4-WVuZA,https://tnu6hes0rl.feishu.cn/base/KhEEbl1kHaI8LXsHTCScgnPenff
7233306009979125763,XN0YXJ0-28evc82a-6a97-4ecb-bc74-295bac49b0f4-WVuZA,https://tnu6hes0rl.feishu.cn/base/PYGEbkC98aXJ9rsDXDscsvwonXe
7233306009979125763,XN0YXJ0-28evc82a-6a97-4ecb-bc74-295bac49b0f4-WVuZA,https://tnu6hes0rl.feishu.cn/base/L3BHb138Oa5lfwsHj4Gc1ziUnOc
7233306009979125763,XN0YXJ0-28evc82a-6a97-4ecb-bc74-295bac49b0f4-WVuZA,https://tnu6hes0rl.feishu.cn/base/YXb9bmFCGaomv2sUDE7c6BKZnah
7233306009979125763,XN0YXJ0-28evc82a-6a97-4ecb-bc74-295bac49b0f4-WVuZA,https://tnu6hes0rl.feishu.cn/base/GfE2bsHU5ad26mskDXScsfh1nNH
7233306009979125763,XN0YXJ0-28evc82a-6a97-4ecb-bc74-295bac49b0f4-WVuZA,https://tnu6hes0rl.feishu.cn/base/IKJebp2d6a1m7hsBJHfcUX7GnDe
7233306009979125763,XN0YXJ0-28evc82a-6a97-4ecb-bc74-295bac49b0f4-WVuZA,https://tnu6hes0rl.feishu.cn/base/XDPab4Sy5aBWDrs101mcgDiMnud
7233306009979125763,XN0YXJ0-28evc82a-6a97-4ecb-bc74-295bac49b0f4-WVuZA,https://tnu6hes0rl.feishu.cn/base/QMQxbuIBGa0xHjskYpTc3iM9nOy
7233306009979125763,XN0YXJ0-28evc82a-6a97-4ecb-bc74-295bac49b0f4-WVuZA,https://tnu6hes0rl.feishu.cn/base/BF97bzHQwab8nOs0KLLcoJGSnhM
7233306009979125763,XN0YXJ0-28evc82a-6a97-4ecb-bc74-295bac49b0f4-WVuZA,https://tnu6hes0rl.feishu.cn/base/XPxibzmrYaXY7Os5vctckkDhnTd
7233306009979125763,XN0YXJ0-28evc82a-6a97-4ecb-bc74-295bac49b0f4-WVuZA,https://tnu6hes0rl.feishu.cn/base/AuJQbvIW2aNm75s2yDHc7eGKnXg
7233306009979125763,XN0YXJ0-28evc82a-6a97-4ecb-bc74-295bac49b0f4-WVuZA,https://tnu6hes0rl.feishu.cn/base/OFp6b8Mbxacc98spdRBcdR0Lncb
7233306009979125763,XN0YXJ0-28evc82a-6a97-4ecb-bc74-295bac49b0f4-WVuZA,https://tnu6hes0rl.feishu.cn/base/JzcNb1SuQa31fYsK52Zci8DGnth
7233306009979125763,XN0YXJ0-28evc82a-6a97-4ecb-bc74-295bac49b0f4-WVuZA,https://tnu6hes0rl.feishu.cn/base/KT7QbR0fMaeasCslwN6clTVwnYc
7233306009979125763,XN0YXJ0-28evc82a-6a97-4ecb-bc74-295bac49b0f4-WVuZA,https://tnu6hes0rl.feishu.cn/base/SxH4bQBhGaSiSQs9YnycedxjnVc
7233306009979125763,XN0YXJ0-28evc82a-6a97-4ecb-bc74-295bac49b0f4-WVuZA,https://tnu6hes0rl.feishu.cn/base/SqY9bvdOfaxHaNsL7LAcLblsnyd
7233306009979125763,XN0YXJ0-28evc82a-6a97-4ecb-bc74-295bac49b0f4-WVuZA,https://tnu6hes0rl.feishu.cn/base/Fp0xblSwhacsRzsDEXVcmI6onTd
7233306009979125763,XN0YXJ0-28evc82a-6a97-4ecb-bc74-295bac49b0f4-WVuZA,https://tnu6hes0rl.feishu.cn/base/KoebbzOyta2JNZs4UOOcjhAZndc
7233306009979125763,XN0YXJ0-28evc82a-6a97-4ecb-bc74-295bac49b0f4-WVuZA,https://tnu6hes0rl.feishu.cn/base/IeQRbIz3iaQPiWsLiZycPiDnn5O
7233306009979125763,XN0YXJ0-28evc82a-6a97-4ecb-bc74-295bac49b0f4-WVuZA,https://tnu6hes0rl.feishu.cn/base/J8XpbLRNcamc5TsLeoHczYEwnob
7233306009979125763,XN0YXJ0-28evc82a-6a97-4ecb-bc74-295bac49b0f4-WVuZA,https://tnu6hes0rl.feishu.cn/base/Bvw0b2ZdNauuOTsEtHOc2KSonAh
HXTcbUSwWa0GPvs81NwchcRWn9e的副本(26个)：,,,
7233306009979125763,XN0YXJ0-28evc82a-6a97-4ecb-bc74-295bac49b0f4-WVuZA,https://tnu6hes0rl.feishu.cn/base/QtOobN2L8anEtesdLkdcBkgInIb
7233306009979125763,XN0YXJ0-28evc82a-6a97-4ecb-bc74-295bac49b0f4-WVuZA,https://tnu6hes0rl.feishu.cn/base/FZP9blZfmaWM0Js9xvwcRIlNn4g
7233306009979125763,XN0YXJ0-28evc82a-6a97-4ecb-bc74-295bac49b0f4-WVuZA,https://tnu6hes0rl.feishu.cn/base/JPqAbKGE9aTxYjshXZgcYgv9nVe
7233306009979125763,XN0YXJ0-28evc82a-6a97-4ecb-bc74-295bac49b0f4-WVuZA,https://tnu6hes0rl.feishu.cn/base/ImeRb9PB0agucUs60CTcFJZ6nWh
7233306009979125763,XN0YXJ0-28evc82a-6a97-4ecb-bc74-295bac49b0f4-WVuZA,https://tnu6hes0rl.feishu.cn/base/VdZubAgj0aPjCDsuXpzcJPbqnXb
7233306009979125763,XN0YXJ0-28evc82a-6a97-4ecb-bc74-295bac49b0f4-WVuZA,https://tnu6hes0rl.feishu.cn/base/XMH2bi0liaBd0CsB9ORcqIPVndh
7233306009979125763,XN0YXJ0-28evc82a-6a97-4ecb-bc74-295bac49b0f4-WVuZA,https://tnu6hes0rl.feishu.cn/base/YG7GbJn2YauMIqsouHDcC7dLnNg
7233306009979125763,XN0YXJ0-28evc82a-6a97-4ecb-bc74-295bac49b0f4-WVuZA,https://tnu6hes0rl.feishu.cn/base/HLtkbZMPyakmLKsG5Sec2ODlnDe
7233306009979125763,XN0YXJ0-28evc82a-6a97-4ecb-bc74-295bac49b0f4-WVuZA,https://tnu6hes0rl.feishu.cn/base/DHmUbJlsUaVxEesow3acZBGZn2c
7233306009979125763,XN0YXJ0-28evc82a-6a97-4ecb-bc74-295bac49b0f4-WVuZA,https://tnu6hes0rl.feishu.cn/base/NMIWbyf2waxJplsUNKMciUKBnMd
7233306009979125763,XN0YXJ0-28evc82a-6a97-4ecb-bc74-295bac49b0f4-WVuZA,https://tnu6hes0rl.feishu.cn/base/V4bjbz9WuaKOcYsyxUuc52CnnvL
7233306009979125763,XN0YXJ0-28evc82a-6a97-4ecb-bc74-295bac49b0f4-WVuZA,https://tnu6hes0rl.feishu.cn/base/CZbPbnaHga56fKsaZ52cQHfgnof
7233306009979125763,XN0YXJ0-28evc82a-6a97-4ecb-bc74-295bac49b0f4-WVuZA,https://tnu6hes0rl.feishu.cn/base/FBFEbVM4xaFAHjseC9PchKS4nKc
7233306009979125763,XN0YXJ0-28evc82a-6a97-4ecb-bc74-295bac49b0f4-WVuZA,https://tnu6hes0rl.feishu.cn/base/NIHLbEDQYaNZpSsi8WVcYOsbneg
7233306009979125763,XN0YXJ0-28evc82a-6a97-4ecb-bc74-295bac49b0f4-WVuZA,https://tnu6hes0rl.feishu.cn/base/WMfJb1AlTaRHRzsG0QsckegDnLb
7233306009979125763,XN0YXJ0-28evc82a-6a97-4ecb-bc74-295bac49b0f4-WVuZA,https://tnu6hes0rl.feishu.cn/base/GQI0bArKkatSF9sdtmVcHdsTnlh
7233306009979125763,XN0YXJ0-28evc82a-6a97-4ecb-bc74-295bac49b0f4-WVuZA,https://tnu6hes0rl.feishu.cn/base/D5t0b8cmPa26kksR1Lwc5Lqanjd
7233306009979125763,XN0YXJ0-28evc82a-6a97-4ecb-bc74-295bac49b0f4-WVuZA,https://tnu6hes0rl.feishu.cn/base/DgeubLvscajdUYsnyK8cC7eonmV
7233306009979125763,XN0YXJ0-28evc82a-6a97-4ecb-bc74-295bac49b0f4-WVuZA,https://tnu6hes0rl.feishu.cn/base/IOMNbADmGazCaDspc29c6g5GnSb
7233306009979125763,XN0YXJ0-28evc82a-6a97-4ecb-bc74-295bac49b0f4-WVuZA,https://tnu6hes0rl.feishu.cn/base/XMSdbXAWJaMdk4sdCOyc6AjAnjc
7233306009979125763,XN0YXJ0-28evc82a-6a97-4ecb-bc74-295bac49b0f4-WVuZA,https://tnu6hes0rl.feishu.cn/base/Lwr9bcKkcao8qNs31ZocOfzpnrd
7233306009979125763,XN0YXJ0-28evc82a-6a97-4ecb-bc74-295bac49b0f4-WVuZA,https://tnu6hes0rl.feishu.cn/base/B2Vfb1zSXaJRBbsIVM1cmlo1nBb
7233306009979125763,XN0YXJ0-28evc82a-6a97-4ecb-bc74-295bac49b0f4-WVuZA,https://tnu6hes0rl.feishu.cn/base/OmDIbtVXJaJAFxsG4nFcr6fknbf
7233306009979125763,XN0YXJ0-28evc82a-6a97-4ecb-bc74-295bac49b0f4-WVuZA,https://tnu6hes0rl.feishu.cn/base/AZ42bfT6ta4GZds06wTcqT9Un8H
7233306009979125763,XN0YXJ0-28evc82a-6a97-4ecb-bc74-295bac49b0f4-WVuZA,https://tnu6hes0rl.feishu.cn/base/VIDHbWBM5aRYodstlE6cxU4Mnpg
7233306009979125763,XN0YXJ0-28evc82a-6a97-4ecb-bc74-295bac49b0f4-WVuZA,https://tnu6hes0rl.feishu.cn/base/NckKb7Hd4arf9RsBgKGc7xkCnK0
Bkz8bFt3Pa5I7zsdYgUcZxBMnnc的副本(26个)：,,,
7233306009979125763,XN0YXJ0-28evc82a-6a97-4ecb-bc74-295bac49b0f4-WVuZA,https://tnu6hes0rl.feishu.cn/base/DjE9bAT90aPtOusG6B5cbOPcnHh
7233306009979125763,XN0YXJ0-28evc82a-6a97-4ecb-bc74-295bac49b0f4-WVuZA,https://tnu6hes0rl.feishu.cn/base/ZVxhbezmhaegkusiIigcRCcxnff
7233306009979125763,XN0YXJ0-28evc82a-6a97-4ecb-bc74-295bac49b0f4-WVuZA,https://tnu6hes0rl.feishu.cn/base/SQb4bgVkma6QWhsfNCTc0WZPn6c
7233306009979125763,XN0YXJ0-28evc82a-6a97-4ecb-bc74-295bac49b0f4-WVuZA,https://tnu6hes0rl.feishu.cn/base/GB2KbOYzka9pQ7sGT1YcWrVQnRc
7233306009979125763,XN0YXJ0-28evc82a-6a97-4ecb-bc74-295bac49b0f4-WVuZA,https://tnu6hes0rl.feishu.cn/base/R9S4bvxf4a1pMlsrTI5ckTjin1c
7233306009979125763,XN0YXJ0-28evc82a-6a97-4ecb-bc74-295bac49b0f4-WVuZA,https://tnu6hes0rl.feishu.cn/base/BDDwb0DPla0DGHsgXtNcqEYSnUb
7233306009979125763,XN0YXJ0-28evc82a-6a97-4ecb-bc74-295bac49b0f4-WVuZA,https://tnu6hes0rl.feishu.cn/base/WDvHbD7u8an3g3sGnTCcvG92nGe
7233306009979125763,XN0YXJ0-28evc82a-6a97-4ecb-bc74-295bac49b0f4-WVuZA,https://tnu6hes0rl.feishu.cn/base/Y7b4b7jkuaNac2skDaAcTvz7nkf
7233306009979125763,XN0YXJ0-28evc82a-6a97-4ecb-bc74-295bac49b0f4-WVuZA,https://tnu6hes0rl.feishu.cn/base/AJzvbggfcaMnW7szr41cOjDDnsh
7233306009979125763,XN0YXJ0-28evc82a-6a97-4ecb-bc74-295bac49b0f4-WVuZA,https://tnu6hes0rl.feishu.cn/base/Uzy0bLWDkaWmPnsnCY2cI5yBnPg
7233306009979125763,XN0YXJ0-28evc82a-6a97-4ecb-bc74-295bac49b0f4-WVuZA,https://tnu6hes0rl.feishu.cn/base/RUPDbt79paDe6esqZ3lcMVxAntM
7233306009979125763,XN0YXJ0-28evc82a-6a97-4ecb-bc74-295bac49b0f4-WVuZA,https://tnu6hes0rl.feishu.cn/base/ChUvbPjt8aoRBNsGqPac6bFgn0c
7233306009979125763,XN0YXJ0-28evc82a-6a97-4ecb-bc74-295bac49b0f4-WVuZA,https://tnu6hes0rl.feishu.cn/base/FAWdbZu6Maq9tZs7b53cyhM2nyf
7233306009979125763,XN0YXJ0-28evc82a-6a97-4ecb-bc74-295bac49b0f4-WVuZA,https://tnu6hes0rl.feishu.cn/base/AWYObR0qral0IUstJ8fcmN9Fnvc
7233306009979125763,XN0YXJ0-28evc82a-6a97-4ecb-bc74-295bac49b0f4-WVuZA,https://tnu6hes0rl.feishu.cn/base/K2PTbwbNnamV9UsWzs8cefixn0g
7233306009979125763,XN0YXJ0-28evc82a-6a97-4ecb-bc74-295bac49b0f4-WVuZA,https://tnu6hes0rl.feishu.cn/base/NYBobGGMGaoCeksCWJ0cdFgmnoI
7233306009979125763,XN0YXJ0-28evc82a-6a97-4ecb-bc74-295bac49b0f4-WVuZA,https://tnu6hes0rl.feishu.cn/base/FT3Ib9wlxaOfaCscklXcwvdlnQc
7233306009979125763,XN0YXJ0-28evc82a-6a97-4ecb-bc74-295bac49b0f4-WVuZA,https://tnu6hes0rl.feishu.cn/base/Qi14bHXpkaObSOsvhagcTRHCnqe
7233306009979125763,XN0YXJ0-28evc82a-6a97-4ecb-bc74-295bac49b0f4-WVuZA,https://tnu6hes0rl.feishu.cn/base/PA1cbIltmaTnH3sFEvLcSB8fnpb
7233306009979125763,XN0YXJ0-28evc82a-6a97-4ecb-bc74-295bac49b0f4-WVuZA,https://tnu6hes0rl.feishu.cn/base/IvMKbZc2pavr6TsOh3ScY8dnnhh
7233306009979125763,XN0YXJ0-28evc82a-6a97-4ecb-bc74-295bac49b0f4-WVuZA,https://tnu6hes0rl.feishu.cn/base/TAzBbY8Zva4ARbsYiqSc2eggn9c
7233306009979125763,XN0YXJ0-28evc82a-6a97-4ecb-bc74-295bac49b0f4-WVuZA,https://tnu6hes0rl.feishu.cn/base/Wn8RbYZw7ak2HhsK2Udcp2Ptnk6
7233306009979125763,XN0YXJ0-28evc82a-6a97-4ecb-bc74-295bac49b0f4-WVuZA,https://tnu6hes0rl.feishu.cn/base/Gwq6bVtjyaztHssEs2DcOg3hnh2
7233306009979125763,XN0YXJ0-28evc82a-6a97-4ecb-bc74-295bac49b0f4-WVuZA,https://tnu6hes0rl.feishu.cn/base/QVRGbsF2bamhZlsF25TccdeJnch
7233306009979125763,XN0YXJ0-28evc82a-6a97-4ecb-bc74-295bac49b0f4-WVuZA,https://tnu6hes0rl.feishu.cn/base/HKIwbBYw5aqZi1sxhYzcugHanne
7233306009979125763,XN0YXJ0-28evc82a-6a97-4ecb-bc74-295bac49b0f4-WVuZA,https://tnu6hes0rl.feishu.cn/base/NmbKbjE6uaAhCJsFY28cxXfinlb
BMfGbLG4PaeKrOsYfdhcGdukn3e的副本(26个)：,,,
7233306009979125763,XN0YXJ0-28evc82a-6a97-4ecb-bc74-295bac49b0f4-WVuZA,https://tnu6hes0rl.feishu.cn/base/HABhbttVUaEWgQsSfa1cwoTynWc
7233306009979125763,XN0YXJ0-28evc82a-6a97-4ecb-bc74-295bac49b0f4-WVuZA,https://tnu6hes0rl.feishu.cn/base/GF5cbGK0Za0p4PsGDd2cgn96nqc
7233306009979125763,XN0YXJ0-28evc82a-6a97-4ecb-bc74-295bac49b0f4-WVuZA,https://tnu6hes0rl.feishu.cn/base/UmEXbFZPZa3JsBsZO3Ic6zOVnod
7233306009979125763,XN0YXJ0-28evc82a-6a97-4ecb-bc74-295bac49b0f4-WVuZA,https://tnu6hes0rl.feishu.cn/base/C2AVbpwP5aj8RDs58vHcrjIznQg
7233306009979125763,XN0YXJ0-28evc82a-6a97-4ecb-bc74-295bac49b0f4-WVuZA,https://tnu6hes0rl.feishu.cn/base/XWVbbElE7aTIjCsMYN7cP9BsnBc
7233306009979125763,XN0YXJ0-28evc82a-6a97-4ecb-bc74-295bac49b0f4-WVuZA,https://tnu6hes0rl.feishu.cn/base/LsX0buuOka7nCusBY81cXTkcnUQ
7233306009979125763,XN0YXJ0-28evc82a-6a97-4ecb-bc74-295bac49b0f4-WVuZA,https://tnu6hes0rl.feishu.cn/base/AI3EbhaeZasnpIsBVGXchzT9nxh
7233306009979125763,XN0YXJ0-28evc82a-6a97-4ecb-bc74-295bac49b0f4-WVuZA,https://tnu6hes0rl.feishu.cn/base/DHxibxStlaXmf1sSwN7cD7srnne
7233306009979125763,XN0YXJ0-28evc82a-6a97-4ecb-bc74-295bac49b0f4-WVuZA,https://tnu6hes0rl.feishu.cn/base/Fl46boEe6aIH6Es5BPCcr3V8nYg
7233306009979125763,XN0YXJ0-28evc82a-6a97-4ecb-bc74-295bac49b0f4-WVuZA,https://tnu6hes0rl.feishu.cn/base/MvK6b9F4gaeseksvgLoc8vH6nPd
7233306009979125763,XN0YXJ0-28evc82a-6a97-4ecb-bc74-295bac49b0f4-WVuZA,https://tnu6hes0rl.feishu.cn/base/VV1CbsIhSaF12JsqCEfcZdQ1n6g
7233306009979125763,XN0YXJ0-28evc82a-6a97-4ecb-bc74-295bac49b0f4-WVuZA,https://tnu6hes0rl.feishu.cn/base/E8mWbC4qUa0VaxsEu70cf5j8nof
7233306009979125763,XN0YXJ0-28evc82a-6a97-4ecb-bc74-295bac49b0f4-WVuZA,https://tnu6hes0rl.feishu.cn/base/XogUbfxtJaTlU4sMdrfcpE6vnEe
7233306009979125763,XN0YXJ0-28evc82a-6a97-4ecb-bc74-295bac49b0f4-WVuZA,https://tnu6hes0rl.feishu.cn/base/FQoKbft22aadIBsQJ5Hc1OVInkg
7233306009979125763,XN0YXJ0-28evc82a-6a97-4ecb-bc74-295bac49b0f4-WVuZA,https://tnu6hes0rl.feishu.cn/base/VqEKbGNjSayFFCs3rYych3rgnQc
7233306009979125763,XN0YXJ0-28evc82a-6a97-4ecb-bc74-295bac49b0f4-WVuZA,https://tnu6hes0rl.feishu.cn/base/BeH5bT3AqaFasXsVf2UcDIbFnlc
7233306009979125763,XN0YXJ0-28evc82a-6a97-4ecb-bc74-295bac49b0f4-WVuZA,https://tnu6hes0rl.feishu.cn/base/BexNbvWFpaOhNYs0QZmcgEO6nfc
7233306009979125763,XN0YXJ0-28evc82a-6a97-4ecb-bc74-295bac49b0f4-WVuZA,https://tnu6hes0rl.feishu.cn/base/JYaXbndKFaeac7seHj8cwJCVnCc
7233306009979125763,XN0YXJ0-28evc82a-6a97-4ecb-bc74-295bac49b0f4-WVuZA,https://tnu6hes0rl.feishu.cn/base/CA0EbIa2kavmAIsgZwEcYVtrnyb
7233306009979125763,XN0YXJ0-28evc82a-6a97-4ecb-bc74-295bac49b0f4-WVuZA,https://tnu6hes0rl.feishu.cn/base/MKu6bdWFfaHuZysRgeEcwqOInfQ
7233306009979125763,XN0YXJ0-28evc82a-6a97-4ecb-bc74-295bac49b0f4-WVuZA,https://tnu6hes0rl.feishu.cn/base/QHGEb2WdgaGnPgsLGgLcOXTDnxh
7233306009979125763,XN0YXJ0-28evc82a-6a97-4ecb-bc74-295bac49b0f4-WVuZA,https://tnu6hes0rl.feishu.cn/base/NWVzbllbnalAdhsLgghcAnQJnzf
7233306009979125763,XN0YXJ0-28evc82a-6a97-4ecb-bc74-295bac49b0f4-WVuZA,https://tnu6hes0rl.feishu.cn/base/YaOebx3qza1j7os4qQ7cILcynmh
7233306009979125763,XN0YXJ0-28evc82a-6a97-4ecb-bc74-295bac49b0f4-WVuZA,https://tnu6hes0rl.feishu.cn/base/Tee0b6oqBahubbsQGwjczsELnso
7233306009979125763,XN0YXJ0-28evc82a-6a97-4ecb-bc74-295bac49b0f4-WVuZA,https://tnu6hes0rl.feishu.cn/base/JX9ybm3AjaugTSsVngmcZutXnkb
7233306009979125763,XN0YXJ0-28evc82a-6a97-4ecb-bc74-295bac49b0f4-WVuZA,https://tnu6hes0rl.feishu.cn/base/B3JpbJY5faqfV3sEaxucCsr3nCh
